age,sex,bmi,children,smoker,region,charges
53,female,35.9,2,no,southwest,11163.568000000001
49,male,35.86,0,no,southeast,8124.4084
31,male,20.4,0,no,southwest,3260.199
18,female,29.165,0,no,northeast,7323.734818999999
20,male,27.93,0,no,northeast,1967.0227
19,male,25.555,1,no,northwest,2221.56445
44,female,27.5,1,no,southwest,7626.993
37,male,36.19,0,no,southeast,19214.705530000003
53,female,28.1,3,no,southwest,11741.726
35,female,35.86,2,no,southeast,5836.5204
19,female,25.745,1,no,northwest,2710.82855
36,female,26.885,0,no,northwest,5267.81815
48,male,34.3,3,no,southwest,9563.029
44,male,27.4,2,no,southwest,7726.854
31,male,29.81,0,yes,southeast,19350.3689
53,male,31.35,0,no,southeast,27346.04207
35,female,23.465,2,no,northeast,6402.29135
43,male,30.115,3,no,northwest,8410.04685
60,female,38.06,0,no,southeast,12648.7034
49,female,22.61,1,no,northwest,9566.9909
31,female,38.095,1,yes,northeast,58571.074479999996
55,female,26.8,1,no,southwest,35160.13457
35,male,30.5,1,no,southwest,4751.07
20,male,31.13,2,no,southeast,2566.4707
21,female,39.49,0,no,southeast,2026.9741
19,male,28.7,0,no,southwest,1253.9360000000001
48,female,32.3,2,no,northeast,10043.249
43,female,34.4,3,no,southwest,8522.003
21,male,20.235,3,no,northeast,3861.20965
23,female,28.31,0,yes,northwest,18033.9679
36,male,33.4,2,yes,southwest,38415.474
45,female,33.1,0,no,southwest,7345.084
54,male,33.63,1,no,northwest,10825.2537
47,male,25.46,2,no,northeast,9225.2564
46,female,28.05,1,no,southeast,8233.0975
44,female,36.48,0,no,northeast,12797.20962
25,female,30.3,0,no,southwest,2632.992
52,male,26.4,3,no,southeast,25992.82104
22,male,25.175,0,no,northwest,2045.68525
19,female,17.8,0,no,southwest,1727.785
30,male,38.83,1,no,southeast,18963.171919999997
28,female,26.315,3,no,northwest,5312.16985
50,male,31.825,0,yes,northeast,41097.16175
19,female,32.11,0,no,northwest,2130.6759
19,female,28.88,0,yes,northwest,17748.5062
38,male,38.39,3,yes,southeast,41949.2441
46,female,48.07,2,no,northeast,9432.9253
19,male,24.6,1,no,southwest,1837.237
26,male,32.9,2,yes,southwest,36085.219
24,male,32.01,0,no,southeast,1981.5819
18,female,36.85,0,no,southeast,1629.8335
30,male,37.43,3,no,northeast,5428.7277
23,female,36.67,2,yes,northeast,38511.6283
45,male,21.375,0,no,northwest,7222.78625
18,female,28.215,0,no,northeast,2200.83085
57,female,28.7,0,no,southwest,11455.28
57,female,20.1,1,no,southwest,12032.326000000001
48,female,27.93,4,no,northwest,11015.1747
54,male,30.02,0,no,northwest,24476.47851
48,male,35.625,4,no,northeast,10736.87075
45,female,39.995,3,no,northeast,9704.66805
48,female,25.85,3,yes,southeast,24180.9335
43,male,38.06,2,yes,southeast,42560.4304
52,female,23.18,0,no,northeast,10197.7722
27,female,25.175,0,no,northeast,3558.62025
19,female,21.7,0,yes,southwest,13844.506000000001
54,male,40.565,3,yes,northeast,48549.17835
48,male,24.42,0,yes,southeast,21223.6758
30,male,25.46,0,no,northeast,3645.0894
42,male,28.31,3,yes,northwest,32787.458589999995
33,female,39.82,1,no,southeast,4795.6568
36,male,41.895,3,yes,northeast,43753.33705
34,female,26.73,1,no,southeast,5002.7827
45,male,36.48,2,yes,northwest,42760.5022
34,male,25.27,1,no,northwest,4894.7533
24,female,30.21,3,no,northwest,4618.0799
19,female,31.825,1,no,northwest,2719.27975
39,male,29.925,1,yes,northeast,22462.04375
33,male,35.75,2,no,southeast,4889.9995
55,male,28.975,0,no,northeast,10796.35025
30,male,31.57,3,no,southeast,4837.5823
50,male,36.2,0,no,southwest,8457.818000000001
50,female,27.83,3,no,southeast,19749.383380000003
56,male,34.43,0,no,southeast,10594.2257
22,female,28.82,0,no,southeast,2156.7518
49,male,30.9,0,yes,southwest,39727.614
32,male,28.12,4,yes,northwest,21472.4788
31,female,32.68,1,no,northwest,4738.2682
25,female,32.23,1,no,southeast,18218.16139
29,male,29.735,2,no,northwest,18157.876
58,male,49.06,0,no,southeast,11381.3254
31,male,38.39,2,no,southeast,4463.2051
39,male,24.51,2,no,northwest,6710.1919
34,male,25.3,2,yes,southeast,18972.495
63,male,35.09,0,yes,southeast,47055.5321
20,female,21.8,0,yes,southwest,20167.336030000002
38,female,28.93,1,no,southeast,5974.3847
56,female,27.2,0,no,southwest,11073.176000000001
27,male,30.3,3,no,southwest,4260.744000000001
56,female,39.82,0,no,southeast,11090.7178
19,male,25.555,0,no,northwest,1632.56445
29,female,29.59,1,no,southeast,3947.4131
50,female,28.16,3,no,southeast,10702.6424
54,female,31.24,0,no,southeast,10338.9316
23,male,26.51,0,no,southeast,1815.8759
35,male,34.32,3,no,southeast,5934.3798
63,male,33.1,0,no,southwest,13393.756000000001
42,female,29.0,1,no,southwest,7050.642
18,male,22.99,0,no,northeast,1704.5681
40,male,41.23,1,no,northeast,6610.1097
49,female,27.17,0,no,southeast,8601.3293
33,male,33.44,5,no,southeast,6653.7886
31,male,25.9,3,yes,southwest,19199.944
45,female,35.3,0,no,southwest,7348.142
60,female,35.1,0,no,southwest,12644.589
58,male,30.305,0,no,northeast,11938.25595
55,male,37.3,0,no,southwest,20630.28351
36,male,34.43,2,no,southeast,5584.3057
41,female,31.02,0,no,southeast,6185.3208
41,female,32.965,0,no,northwest,6571.02435
41,male,28.8,1,no,southwest,6282.235
44,male,30.69,2,no,southeast,7731.4271
22,male,37.62,1,yes,southeast,37165.1638
43,female,34.58,1,no,northwest,7727.2532
43,male,30.1,1,no,southwest,6849.026
48,male,37.29,2,no,southeast,8978.1851
25,male,30.59,0,no,northeast,2727.3951
50,male,30.97,3,no,northwest,10600.5483
44,male,37.1,2,no,southwest,7740.3369999999995
18,male,23.21,0,no,southeast,1121.8739
63,male,30.8,0,no,southwest,13390.559
23,female,24.225,2,no,northeast,22395.74424
18,male,25.175,0,yes,northeast,15518.18025
43,male,35.31,2,no,southeast,18806.14547
62,female,36.86,1,no,northeast,31620.001060000002
52,male,34.485,3,yes,northwest,60021.39897
61,female,29.07,0,yes,northwest,29141.3603
27,female,24.75,0,yes,southeast,16577.7795
53,female,26.7,2,no,southwest,11150.78
31,female,21.755,0,no,northwest,4134.08245
63,male,31.445,0,no,northeast,13974.45555
47,male,19.57,1,no,northwest,8428.0693
41,male,37.05,2,no,northwest,7265.7025
21,female,25.8,0,no,southwest,2007.945
22,female,23.18,0,no,northeast,2731.9122
38,male,37.05,1,no,northeast,6079.6715
46,male,25.8,5,no,southwest,10096.97
31,female,25.8,2,no,southwest,4934.705
57,male,43.7,1,no,southwest,11576.13
24,female,24.225,0,no,northwest,2842.76075
52,male,33.25,0,no,northeast,9722.7695
51,male,35.97,1,no,southeast,9386.1613
26,male,29.45,0,no,northeast,2897.3235
64,female,39.33,0,no,northeast,14901.5167
44,male,34.32,1,no,southeast,7147.4728
40,male,35.3,3,no,southwest,7196.866999999999
28,female,37.62,1,no,southeast,3766.8838
55,male,21.5,1,no,southwest,10791.96
27,female,31.4,0,yes,southwest,34838.873
27,male,29.15,0,yes,southeast,18246.4955
22,female,24.3,0,no,southwest,2150.469
33,female,33.5,0,yes,southwest,37079.372
41,female,31.6,0,no,southwest,6186.1269999999995
54,male,32.775,0,no,northeast,10435.06525
54,male,25.1,3,yes,southwest,25382.297000000002
58,female,32.965,0,no,northeast,12430.95335
29,male,32.11,2,no,northwest,4433.9159
19,male,30.4,0,no,southwest,1256.299
49,male,37.51,2,no,southeast,9304.7019
21,female,21.89,2,no,southeast,3180.5101
47,female,24.32,0,no,northeast,8534.6718
42,female,23.37,0,yes,northeast,19964.7463
43,male,27.36,3,no,northeast,8606.2174
40,female,41.42,1,no,northwest,28476.734989999997
38,female,27.6,0,no,southwest,5383.536
62,male,26.695,0,yes,northeast,28101.33305
56,female,32.3,3,no,northeast,13430.265
19,female,24.605,1,no,northwest,2709.24395
24,male,25.8,0,no,southwest,1972.95
24,female,22.6,0,no,southwest,2457.502
18,female,36.85,0,yes,southeast,36149.4835
63,male,41.325,3,no,northwest,15555.18875
38,female,37.73,0,no,southeast,5397.6167
51,female,38.06,0,yes,southeast,44400.4064
38,male,28.27,1,no,southeast,5484.4673
18,female,42.24,0,yes,southeast,38792.6856
43,female,25.27,1,yes,northeast,21771.3423
46,male,33.44,1,no,northeast,8334.5896
19,female,28.3,0,yes,southwest,17081.08
23,male,35.2,1,no,southwest,2416.955
32,male,27.835,1,no,northwest,4454.40265
18,male,34.1,0,no,southeast,1137.011
34,female,38.0,3,no,southwest,6196.448
19,male,27.6,0,no,southwest,1252.407
54,male,31.6,0,no,southwest,9850.431999999999
23,male,50.38,1,no,southeast,2438.0552
48,female,35.91,1,no,northeast,26392.260290000002
18,male,28.31,1,no,northeast,11272.331390000001
39,female,26.315,2,no,northwest,7201.70085
29,male,28.975,1,no,northeast,4040.55825
35,male,27.61,1,no,southeast,4747.0529
25,female,33.99,1,no,southeast,3227.1211
29,female,25.9,0,no,southwest,3353.284
64,male,36.96,2,yes,southeast,49577.6624
52,female,33.3,2,no,southwest,10806.839
51,male,32.3,1,no,northeast,9964.06
55,male,35.245,1,no,northeast,11394.06555
52,female,24.86,0,no,southeast,27117.99378
22,female,28.05,0,no,southeast,2155.6815
35,male,38.6,1,no,southwest,4762.329000000001
54,male,21.01,2,no,southeast,11013.7119
62,male,31.46,1,no,southeast,27000.98473
41,female,37.1,2,no,southwest,7371.772
32,male,35.2,2,no,southwest,4670.64
19,female,18.6,0,no,southwest,1728.8970000000002
45,male,24.035,2,no,northeast,8604.48365
20,female,30.59,0,no,northeast,2459.7201
21,female,17.4,1,no,southwest,2585.269
58,male,25.175,0,no,northeast,11931.12525
40,female,29.3,4,no,southwest,15828.821730000001
19,female,29.8,0,no,southwest,1744.465
36,female,25.9,1,no,southwest,5472.4490000000005
57,male,33.63,1,no,northwest,11945.1327
55,female,40.81,3,no,southeast,12485.8009
40,female,33.0,3,no,southeast,7682.67
30,male,44.22,2,no,southeast,4266.1658
44,female,20.235,1,yes,northeast,19594.80965
49,female,33.345,2,no,northeast,10370.91255
29,female,32.11,2,no,northwest,4922.9159
30,female,43.12,2,no,southeast,4753.6368
26,female,22.61,0,no,northwest,3176.8159
24,female,27.6,0,no,southwest,18955.22017
31,female,32.775,2,no,northwest,5327.40025
20,male,30.115,5,no,northeast,4915.05985
25,female,28.595,0,no,northeast,3213.62205
31,male,39.49,1,no,southeast,3875.7341
56,female,25.65,0,no,northwest,11454.0215
20,male,30.685,0,yes,northeast,33475.81715
54,male,39.6,1,no,southwest,10450.552
60,female,28.7,1,no,southwest,13224.693000000001
30,male,22.99,2,yes,northwest,17361.7661
31,female,23.6,2,no,southwest,4931.647
33,female,19.095,2,yes,northeast,16776.30405
21,female,34.6,0,no,southwest,2020.1770000000001
18,female,35.625,0,no,northeast,2211.13075
33,male,27.455,2,no,northwest,5261.46945
19,female,28.4,1,no,southwest,2331.519
37,female,30.8,2,no,southeast,6313.759
21,male,35.53,0,no,southeast,1532.4697
48,female,28.88,1,no,northwest,9249.4952
53,male,28.88,0,no,northwest,9869.8102
42,male,35.97,2,no,southeast,7160.3303
41,male,35.75,1,yes,southeast,40273.6455
62,female,39.16,0,no,southeast,13470.8044
18,male,28.5,0,no,northeast,1712.227
25,female,26.79,2,no,northwest,4189.1131
43,male,27.8,0,yes,southwest,37829.7242
52,female,30.875,0,no,northeast,23045.56616
50,male,32.205,0,no,northwest,8835.26495
62,female,33.2,0,no,southwest,13462.52
22,female,20.235,0,no,northwest,2527.81865
34,female,23.56,0,no,northeast,4992.3764
44,female,36.955,1,no,northwest,8023.13545
19,female,30.02,0,yes,northwest,33307.5508
23,male,17.385,1,no,northwest,2775.19215
21,male,28.975,0,no,northwest,1906.35825
19,male,34.8,0,yes,southwest,34779.615
26,female,29.64,4,no,northeast,24671.66334
35,female,26.125,0,no,northeast,5227.98875
64,female,30.115,3,no,northwest,16455.70785
19,male,33.1,0,no,southwest,23082.95533
45,female,25.7,3,no,southwest,9101.798
25,female,30.2,0,yes,southwest,33900.653
47,female,29.37,1,no,southeast,8547.6913
28,female,28.88,1,no,northeast,4337.7352
40,female,25.46,1,no,northeast,7077.1894
38,male,16.815,2,no,northeast,6640.54485
24,female,30.1,3,no,southwest,4234.927
22,male,28.31,1,no,northwest,2639.0429
19,female,28.9,0,no,southwest,1743.214
48,female,33.33,0,no,southeast,8283.6807
49,male,31.35,1,no,northeast,9290.1395
41,female,21.755,1,no,northeast,13725.47184
21,female,33.63,2,no,northwest,3579.8287
27,female,23.21,1,no,southeast,3561.8889
22,male,33.77,0,no,southeast,1674.6323
47,female,26.6,2,no,northeast,9715.841
34,female,29.26,3,no,southeast,6184.2994
58,female,28.215,0,no,northwest,12224.35085
63,male,39.8,3,no,southwest,15170.069
50,female,23.54,2,no,southeast,10107.2206
19,male,20.425,0,no,northwest,1625.43375
19,female,20.6,0,no,southwest,1731.6770000000001
37,female,30.78,0,yes,northeast,37270.1512
29,male,22.515,3,no,northeast,5209.57885
50,male,27.455,1,no,northeast,9617.66245
40,male,19.8,1,yes,southeast,17179.522
56,female,28.31,0,no,northeast,11657.7189
38,male,19.95,1,no,northwest,5855.9025
51,male,24.795,2,yes,northwest,23967.38305
19,female,24.51,1,no,northwest,2709.1119
26,female,40.185,0,no,northwest,3201.24515
51,male,22.42,0,no,northeast,9361.3268
46,female,19.95,2,no,northwest,9193.8385
47,female,26.125,1,yes,northeast,23401.30575
19,male,34.1,0,no,southwest,1261.442
62,female,25.0,0,no,southwest,13451.122
59,female,36.52,1,no,southeast,28287.897660000002
18,female,21.66,0,yes,northeast,14283.4594
20,male,32.395,1,no,northwest,2362.22905
48,female,27.265,1,no,northeast,9447.25035
37,male,29.8,0,no,southwest,20420.60465
64,female,26.885,0,yes,northwest,29330.98315
52,female,37.525,2,no,northwest,33471.97189
19,female,27.9,0,yes,southwest,16884.924
42,female,29.48,2,no,southeast,7640.3092
49,male,30.3,0,no,southwest,8116.68
28,male,23.98,3,yes,southeast,17663.1442
32,female,17.765,2,yes,northwest,32734.1863
28,male,35.435,0,no,northeast,3268.84665
31,female,36.63,2,no,southeast,4949.7587
18,female,31.92,0,no,northeast,2205.9808
25,male,35.625,0,no,northwest,2534.39375
20,male,28.025,1,yes,northwest,17560.37975
26,male,20.8,0,no,southwest,2302.3
18,female,30.305,0,no,northeast,2203.73595
64,male,40.48,0,no,southeast,13831.1152
23,female,39.27,2,no,southeast,3500.6123
48,female,32.23,1,no,southeast,8871.1517
27,female,17.955,2,yes,northeast,15006.57945
42,male,26.315,1,no,northwest,6940.90985
18,male,33.535,0,yes,northeast,34617.84065
64,male,34.5,0,no,southwest,13822.803
36,male,31.5,0,no,southwest,4402.233
28,male,24.3,5,no,southwest,5615.369000000001
33,male,35.75,1,yes,southeast,38282.7495
46,female,30.8,3,no,southwest,9414.92
62,male,38.83,0,no,southeast,12981.3457
58,female,33.1,0,no,southwest,11848.141000000001
37,female,34.105,1,no,northwest,6112.35295
26,male,32.49,1,no,northeast,3490.5491
50,female,25.6,0,no,southwest,8932.084
41,female,32.2,1,no,southwest,6775.960999999999
60,male,28.595,0,no,northeast,30259.995560000003
28,female,23.845,2,no,northwest,4719.73655
29,female,38.83,3,no,southeast,5138.2567
45,female,27.645,1,no,northwest,28340.18885
64,male,39.16,1,no,southeast,14418.2804
52,female,18.335,0,no,northwest,9991.03765
55,female,30.5,0,no,southwest,10704.47
32,male,30.03,1,no,southeast,4074.4537
18,male,33.77,1,no,southeast,1725.5523
61,female,33.33,4,no,southeast,36580.28216
46,male,25.745,3,no,northwest,9301.89355
57,female,23.18,0,no,northwest,11830.6072
21,female,34.87,0,no,southeast,2020.5523
36,male,33.82,1,no,northwest,5377.4578
45,male,23.56,2,no,northeast,8603.8234
56,male,32.11,1,no,northeast,11763.0009
39,male,34.1,2,no,southeast,23563.016180000002
18,female,33.88,0,no,southeast,11482.63485
56,male,33.63,0,yes,northwest,43921.1837
39,male,45.43,2,no,southeast,6356.2707
19,female,28.31,0,yes,northwest,17468.9839
48,female,27.36,1,no,northeast,9447.3824
33,female,18.5,1,no,southwest,4766.022
23,female,28.49,1,yes,southeast,18328.2381
36,female,22.135,3,no,northeast,7228.21565
35,male,27.1,1,no,southwest,4746.344
24,male,26.79,1,no,northwest,12609.88702
55,male,30.685,0,yes,northeast,42303.69215
47,female,27.645,2,yes,northwest,24535.69855
20,female,22.42,0,yes,northwest,14711.7438
46,male,24.795,3,no,northeast,9500.57305
55,female,29.7,2,no,southwest,11881.358
34,female,30.21,1,yes,northwest,43943.8761
27,female,34.8,1,no,southwest,3577.9990000000003
46,female,27.74,0,no,northwest,8026.6666
18,male,21.565,0,yes,northeast,13747.87235
60,male,33.11,3,no,southeast,13919.8229
46,male,22.3,0,no,southwest,7147.105
50,female,27.075,1,no,northeast,10106.13425
51,male,30.03,1,no,southeast,9377.9047
56,male,22.1,0,no,southwest,10577.087
40,female,29.6,0,no,southwest,5910.944
26,male,31.065,0,no,northwest,2699.56835
26,female,29.92,2,no,southeast,3981.9768
22,female,36.0,0,no,southwest,2166.732
43,male,34.96,1,yes,northeast,41034.2214
49,female,21.3,1,no,southwest,9182.17
32,female,28.93,0,no,southeast,3972.9247
43,male,25.52,5,no,southeast,14478.33015
35,female,34.8,1,no,southwest,5246.047
30,female,33.33,1,no,southeast,4151.0287
22,female,34.58,2,no,northeast,3925.7582
18,male,43.01,0,no,southeast,1149.3959
30,female,23.655,3,yes,northwest,18765.87545
39,male,26.22,1,no,northwest,6123.5688
41,male,23.94,1,no,northeast,6858.4796
19,male,35.53,0,no,northwest,1646.4297
53,female,36.86,3,yes,northwest,46661.4424
19,female,36.575,0,no,northwest,2136.88225
55,female,33.535,2,no,northwest,12269.68865
48,male,40.15,0,no,southeast,7804.1605
41,male,33.55,0,no,southeast,5699.8375
29,female,26.03,0,no,northwest,3736.4647
53,female,32.3,2,no,northeast,29186.48236
24,male,29.83,0,yes,northeast,18648.4217
53,male,29.48,0,no,southeast,9487.6442
58,female,39.05,0,no,southeast,11856.4115
28,female,33.0,2,no,southeast,4349.462
32,male,28.93,1,yes,southeast,19719.6947
23,female,32.78,2,yes,southeast,36021.0112
61,female,39.1,2,no,southwest,14235.072
44,female,32.34,1,no,southeast,7633.7206
57,female,22.23,0,no,northeast,12029.2867
52,female,46.75,5,no,southeast,12592.5345
39,female,31.92,2,no,northwest,7209.4918
28,female,33.11,0,no,southeast,3171.6149
19,female,32.49,0,yes,northwest,36898.73308
49,female,27.1,1,no,southwest,26140.3603
19,male,19.8,0,no,southwest,1241.565
22,male,52.58,1,yes,southeast,44501.3982
41,female,28.31,1,no,northwest,7153.5539
22,male,28.88,0,no,northeast,2250.8352
42,male,26.125,2,no,northeast,7729.64575
63,male,21.66,1,no,northwest,14349.8544
63,female,32.2,2,yes,southwest,47305.305
51,female,36.385,3,no,northwest,11436.73815
19,male,20.7,0,no,southwest,1242.816
50,female,31.6,2,no,southwest,10118.424
19,male,27.7,0,yes,southwest,16297.846000000001
18,male,26.125,0,no,northeast,1708.92575
58,male,23.3,0,no,southwest,11345.518999999998
18,female,31.13,0,no,southeast,1621.8827
29,male,31.73,2,no,northwest,4433.3877
51,female,40.66,0,no,northeast,9875.6804
18,male,29.37,1,no,southeast,1719.4363
57,female,25.74,2,no,southeast,12629.1656
19,male,30.25,0,yes,southeast,32548.3405
60,male,25.74,0,no,southeast,12142.5786
24,female,39.49,0,no,southeast,2480.9791
41,female,33.155,3,no,northeast,8538.28845
53,female,26.6,0,no,northwest,10355.641
46,female,34.6,1,yes,southwest,41661.602
23,male,41.91,0,no,southeast,1837.2819
59,female,23.655,0,yes,northwest,25678.77845
27,male,31.13,1,yes,southeast,34806.4677
48,male,40.565,2,yes,northwest,45702.02235
18,female,38.17,0,no,southeast,1631.6683
27,male,30.5,0,no,southwest,2494.022
28,female,33.4,0,no,southwest,3172.018
44,male,32.015,2,no,northwest,8116.26885
27,male,33.66,0,no,southeast,2498.4144
33,male,42.46,1,no,southeast,11326.71487
26,male,27.06,0,yes,southeast,17043.3414
42,male,24.86,0,no,southeast,5966.8874
23,male,32.7,3,no,southwest,3591.48
57,female,31.825,0,no,northwest,11842.62375
47,male,29.8,3,yes,southwest,25309.488999999998
23,female,28.12,0,no,northwest,2690.1138
43,female,20.045,2,yes,northeast,19798.05455
59,female,31.35,0,no,northwest,12622.1795
37,male,34.1,4,yes,southwest,40182.246
47,female,33.915,3,no,northwest,10115.00885
63,female,27.74,0,yes,northeast,29523.1656
38,male,34.7,2,no,southwest,6082.405
61,female,31.16,0,no,northwest,13429.0354
45,female,35.815,0,no,northwest,7731.85785
56,female,28.785,0,no,northeast,11658.37915
18,male,39.14,0,no,northeast,12890.05765
40,female,29.81,1,no,southeast,6500.2359
40,male,32.3,2,no,northwest,6986.696999999999
36,male,35.2,1,yes,southeast,38709.176
39,male,35.3,2,yes,southwest,40103.89
55,male,32.67,1,no,southeast,10807.4863
50,female,33.7,4,no,southwest,11299.343
37,female,38.39,0,yes,southeast,40419.0191
39,female,41.8,0,no,southeast,5662.225
40,male,30.875,4,no,northwest,8162.71625
32,male,30.8,3,no,southwest,5253.524
38,female,28.0,3,no,southwest,7151.092
46,female,30.2,2,no,southwest,8825.086
39,female,32.8,0,no,southwest,5649.715
36,female,30.02,0,no,northwest,5272.1758
29,female,35.53,0,no,southeast,3366.6697
36,female,29.92,0,no,southeast,4889.0368
55,male,29.9,0,no,southwest,10214.636
32,female,29.59,1,no,southeast,4562.8421
29,male,38.94,1,no,southeast,3471.4096
41,male,34.2,2,no,northwest,7261.741
43,female,26.885,0,yes,northwest,21774.32215
50,female,27.6,1,yes,southwest,24520.264
55,female,32.775,2,no,northwest,12268.63225
26,female,29.92,1,no,southeast,3392.9768
43,male,23.2,0,no,southwest,6250.435
35,male,36.67,1,yes,northeast,39774.2763
61,male,35.86,0,yes,southeast,46599.1084
64,male,24.7,1,no,northwest,30166.618169999998
32,female,29.735,0,no,northwest,4357.04365
18,male,23.085,0,no,northeast,1704.70015
40,female,28.69,3,no,northwest,8059.6791
52,female,24.13,1,yes,northwest,23887.6627
34,male,22.42,2,no,northeast,27375.90478
47,male,28.215,4,no,northeast,10407.08585
21,male,25.745,2,no,northeast,3279.86855
61,male,33.915,0,no,northeast,13143.86485
42,male,34.1,0,no,southwest,5979.731
37,male,28.025,2,no,northwest,6203.90175
49,male,29.83,1,no,northeast,9288.0267
57,female,29.81,0,yes,southeast,27533.9129
22,female,39.805,0,no,northeast,2755.02095
52,male,41.8,2,yes,southeast,47269.85400000001
22,male,37.07,2,yes,southeast,37484.4493
41,female,36.08,1,no,southeast,6781.3542
20,male,35.625,3,yes,northwest,37465.34375
36,male,28.025,1,yes,northeast,20773.62775
40,female,36.19,0,no,southeast,5920.1041
31,male,30.875,0,no,northeast,3857.75925
47,male,19.19,1,no,northeast,8627.5411
54,female,32.3,1,no,northeast,11512.405
59,female,27.5,0,no,southwest,12233.828000000001
51,female,33.915,0,no,northeast,9866.30485
63,female,23.085,0,no,northeast,14451.83515
31,female,30.495,3,no,northeast,6113.23105
57,male,42.13,1,yes,southeast,48675.5177
45,male,28.7,2,no,southwest,8027.968000000001
25,male,29.7,3,yes,southwest,19933.458
50,male,32.3,2,no,southwest,9630.396999999999
51,male,31.635,0,no,northwest,9174.13565
42,male,26.07,1,yes,southeast,38245.59327
27,male,45.9,2,no,southwest,3693.428
63,male,36.765,0,no,northeast,13981.85035
24,male,23.655,0,no,northwest,2352.96845
26,male,33.915,1,no,northwest,3292.52985
18,male,35.2,1,no,southeast,1727.54
28,male,33.0,3,no,southeast,4449.462
18,female,38.665,2,no,northeast,3393.35635
24,male,33.63,4,no,northeast,17128.42608
53,male,20.9,0,yes,southeast,21195.818
21,male,23.75,2,no,northwest,3077.0955
52,male,38.6,2,no,southwest,10325.206
47,male,32.3,1,no,southwest,8062.764
30,female,27.7,0,no,southwest,3554.203
51,male,25.4,0,no,southwest,8782.469000000001
21,male,25.7,4,yes,southwest,17942.106
45,male,39.805,0,no,northeast,7448.40395
56,female,25.3,0,no,southwest,11070.535
64,female,35.97,0,no,southeast,14313.8463
52,male,32.205,3,no,northeast,11488.31695
21,male,36.86,0,no,northwest,1917.3184
25,male,27.55,0,no,northwest,2523.1695
18,male,30.03,1,no,southeast,1720.3537
19,male,20.9,1,no,southwest,1832.094
29,female,20.235,2,no,northwest,4906.40965
54,female,46.7,2,no,southwest,11538.421
28,female,27.5,2,no,southwest,20177.671130000002
63,female,31.8,0,no,southwest,13880.948999999999
19,female,37.43,0,no,northwest,2138.0707
35,male,34.77,2,no,northwest,5729.0053
53,male,41.47,0,no,southeast,9504.3103
25,male,33.66,4,no,southeast,4504.6624
37,female,17.29,2,no,northeast,6877.9801
50,female,30.115,1,no,northwest,9910.35985
56,male,40.3,0,no,southwest,10602.385
60,male,28.9,0,no,southwest,12146.971000000001
36,female,29.04,4,no,southeast,7243.8136
31,female,29.1,0,no,southwest,3761.292
33,female,32.9,2,no,southwest,5375.0380000000005
37,female,26.4,0,yes,southeast,19539.243000000002
64,female,31.825,2,no,northeast,16069.08475
64,female,39.05,3,no,southeast,16085.1275
47,female,29.545,1,no,northwest,8930.93455
18,female,39.82,0,no,southeast,1633.9618
37,female,23.37,2,no,northwest,6686.4313
26,male,46.53,1,no,southeast,2927.0647
33,male,30.25,0,no,southeast,3704.3545
54,female,21.47,3,no,northwest,12475.3513
57,female,30.495,0,no,northwest,11840.77505
28,male,37.1,1,no,southwest,3277.1609999999996
31,female,25.74,0,no,southeast,3756.6216
21,male,31.255,0,no,northwest,1909.52745
52,female,31.2,0,no,southwest,9625.92
49,male,28.7,1,no,southwest,8703.456
62,female,32.965,3,no,northwest,15612.19335
43,male,35.97,3,yes,southeast,42124.5153
25,male,26.695,4,no,northwest,4877.98105
64,female,32.965,0,no,northwest,14692.66935
51,male,37.0,0,no,southwest,8798.593
37,male,22.705,3,no,northeast,6985.50695
29,female,31.16,0,no,northeast,3943.5954
51,female,21.56,1,no,southeast,9855.1314
23,female,31.4,0,yes,southwest,34166.273
58,female,25.2,0,no,southwest,11837.16
55,female,29.83,0,no,northeast,11286.5387
35,female,27.7,3,no,southwest,6414.178000000001
34,male,30.8,0,yes,southwest,35491.64
28,male,33.82,0,no,northwest,19673.335730000003
53,male,36.1,1,no,southwest,10085.846
28,male,30.875,0,no,northwest,3062.50825
23,male,32.56,0,no,southeast,1824.2854
59,male,25.46,0,no,northwest,12124.9924
39,female,24.225,5,no,northwest,8965.79575
32,male,33.63,1,yes,northeast,37607.5277
18,male,30.4,3,no,northeast,3481.868
18,female,39.16,0,no,southeast,1633.0444
21,male,31.1,0,no,southwest,1526.3120000000001
46,male,19.855,0,no,northwest,7526.70645
37,female,34.8,2,yes,southwest,39836.519
53,female,22.88,1,yes,southeast,23244.7902
20,female,28.975,0,no,northwest,2257.47525
62,male,39.93,0,no,southeast,12982.8747
50,female,44.745,0,no,northeast,9541.69555
48,male,28.0,1,yes,southwest,23568.272
32,male,37.335,1,no,northeast,4667.60765
27,male,42.13,0,yes,southeast,39611.7577
49,female,30.78,1,no,northeast,9778.3472
60,female,18.335,0,no,northeast,13204.28565
53,female,24.795,1,no,northwest,10942.13205
36,female,25.84,0,no,northwest,5266.3656
20,female,33.3,0,no,southwest,1880.487
38,male,21.12,3,no,southeast,6652.5288
26,male,27.265,3,no,northeast,4661.28635
43,female,24.7,2,yes,northwest,21880.82
60,female,25.84,0,no,northwest,28923.136919999997
52,male,24.32,3,yes,northeast,24869.8368
57,female,34.295,2,no,northeast,13224.05705
45,female,30.9,2,no,southwest,8520.026
42,male,26.9,0,no,southwest,5969.723000000001
37,male,37.07,1,yes,southeast,39871.7043
62,male,32.015,0,yes,northeast,45710.20785
35,male,28.9,3,no,southwest,5926.846
47,male,36.2,1,no,southwest,8068.185
57,male,23.7,0,no,southwest,10959.33
31,male,36.3,2,yes,southwest,38711.0
22,male,32.11,0,no,northwest,2055.3249
42,female,26.6,0,yes,northwest,21348.706000000002
52,male,32.775,3,no,northwest,11289.10925
51,female,25.8,1,no,southwest,9861.025
30,female,21.945,1,no,northeast,4718.20355
61,female,35.91,0,no,northeast,13635.6379
45,male,30.495,2,no,northwest,8413.46305
47,female,36.63,1,yes,southeast,42969.8527
30,female,28.38,1,yes,southeast,19521.9682
46,male,39.425,1,no,northeast,8342.90875
19,female,30.59,2,no,northwest,24059.68019
47,female,32.0,1,no,southwest,8551.347
45,male,20.35,3,no,southeast,8605.3615
60,female,30.5,0,no,southwest,12638.195
38,male,29.26,2,no,northwest,6457.8434
18,female,32.12,2,no,southeast,2801.2588
58,male,34.39,0,no,northwest,11743.9341
19,male,28.4,1,no,southwest,1842.519
63,female,36.85,0,no,southeast,13887.9685
31,female,29.26,1,no,southeast,4350.5144
42,female,36.195,1,no,northwest,7443.64305
49,female,23.18,2,no,northwest,10156.7832
49,male,25.84,2,yes,northwest,23807.2406
27,male,33.155,2,no,northwest,4058.71245
27,male,28.5,0,yes,northwest,18310.742
27,male,18.905,3,no,northeast,4827.90495
18,male,25.46,0,no,northeast,1708.0014
44,female,29.81,2,no,southeast,8219.2039
60,male,24.32,0,no,northwest,12523.6048
61,male,33.535,0,no,northeast,13143.33665
35,female,31.0,1,no,southwest,5240.765
58,male,32.01,1,no,southeast,11946.6259
62,female,30.495,2,no,northwest,15019.76005
37,female,47.6,2,yes,southwest,46113.511
24,female,20.52,0,yes,northeast,14571.8908
19,female,33.11,0,yes,southeast,34439.8559
28,male,23.8,2,no,southwest,3847.6740000000004
63,female,21.66,0,no,northeast,14449.8544
34,female,37.335,2,no,northwest,5989.52365
26,female,19.8,1,no,southwest,3378.91
57,male,28.1,0,no,southwest,10965.446000000002
49,female,31.9,5,no,southwest,11552.903999999999
36,male,29.7,0,no,southeast,4399.731
46,male,27.6,0,no,southwest,24603.04837
20,female,31.46,0,no,southeast,1877.9294
18,male,31.73,0,yes,northeast,33732.6867
55,female,32.395,1,no,northeast,11879.10405
18,male,23.32,1,no,southeast,1711.0268
19,female,34.7,2,yes,southwest,36397.576
19,female,23.4,2,no,southwest,2913.5690000000004
58,male,36.08,0,no,southeast,11363.2832
32,male,37.18,2,no,southeast,4673.3922
56,female,41.91,0,no,southeast,11093.6229
46,male,30.495,3,yes,northwest,40720.55105
34,male,42.9,1,no,southwest,4536.259
59,female,27.83,3,no,southeast,14001.2867
36,female,19.855,0,no,northeast,5458.04645
29,female,24.6,2,no,southwest,4529.477
22,female,21.28,3,no,northwest,4296.2712
28,male,36.4,1,yes,southwest,51194.55914
26,female,22.23,0,no,northwest,3176.2877
34,male,35.815,0,no,northwest,4320.41085
18,male,26.18,2,no,southeast,2304.0022
58,female,36.48,0,no,northwest,12235.8392
30,male,37.8,2,yes,southwest,39241.442
29,female,25.6,4,no,southwest,5708.866999999999
22,male,35.6,0,yes,southwest,35585.576
54,female,24.605,3,no,northwest,12479.70895
43,female,26.7,2,yes,southwest,22478.6
19,male,17.48,0,no,northwest,1621.3402
33,female,26.695,0,no,northwest,4571.41305
19,female,28.6,5,no,southwest,4687.7970000000005
47,male,28.215,3,yes,northwest,24915.22085
59,female,32.395,3,no,northeast,14590.63205
48,female,36.575,0,no,northwest,8671.19125
24,female,26.6,0,no,northeast,3046.062
62,male,30.875,3,yes,northwest,46718.16325
30,male,31.4,1,no,southwest,3659.3459999999995
37,male,24.32,2,no,northwest,6198.7518
23,male,18.715,0,no,northwest,21595.38229
43,male,20.13,2,yes,southeast,18767.7377
48,female,28.9,0,no,southwest,8277.523000000001
24,female,25.27,0,no,northeast,3044.2133
19,male,21.755,0,no,northwest,1627.28245
49,male,28.69,3,no,northwest,10264.4421
35,female,35.815,1,no,northwest,5630.45785
28,female,26.51,2,no,southeast,4340.4409
40,male,29.355,1,no,northwest,6393.60345
29,female,21.85,0,yes,northeast,16115.3045
55,female,30.14,2,no,southeast,11881.9696
61,female,29.92,3,yes,southeast,30942.1918
22,female,30.4,0,yes,northwest,33907.547999999995
45,female,38.285,0,no,northeast,7935.29115
42,male,31.255,0,no,northwest,6358.77645
33,female,35.53,0,yes,northwest,55135.402089999996
30,male,35.3,0,yes,southwest,36837.467000000004
38,female,30.69,1,no,southeast,5976.8311
40,female,28.12,1,yes,northeast,22331.5668
61,female,25.08,0,no,southeast,24513.09126
23,female,34.865,0,no,northeast,2899.48935
59,male,37.4,0,no,southwest,21797.0004
21,female,26.4,1,no,southwest,2597.779
34,female,33.7,1,no,southwest,5012.471
19,male,27.835,0,no,northwest,1635.73365
39,female,18.3,5,yes,southwest,19023.26
45,male,22.895,0,yes,northeast,35069.37452
49,female,34.77,1,no,northwest,9583.8933
34,female,27.5,1,no,southwest,5003.853
26,female,29.48,1,no,southeast,3392.3652
25,male,25.84,1,no,northeast,3309.7926
34,female,26.41,1,no,northwest,5385.3379
46,male,42.35,3,yes,southeast,46151.1245
32,female,44.22,0,no,southeast,3994.1778
33,female,24.31,0,no,southeast,4185.0979
24,male,28.5,0,yes,northeast,35147.52848
37,male,30.875,3,no,northwest,6796.86325
30,female,22.895,1,no,northeast,4719.52405
18,female,40.28,0,no,northeast,2217.6012
41,male,28.405,1,no,northwest,6664.68595
58,male,35.7,0,no,southwest,11362.755
36,male,28.595,3,no,northwest,6548.19505
20,female,29.6,0,no,southwest,1875.344
63,female,25.08,0,no,northwest,14254.6082
64,female,22.99,0,yes,southeast,27037.9141
36,male,34.43,0,yes,southeast,37742.5757
59,female,32.1,3,no,southwest,14007.222
36,female,29.92,1,no,southeast,5478.0368
44,female,23.98,2,no,southeast,8211.1002
27,female,24.1,0,no,southwest,2974.1259999999997
51,male,39.7,1,no,southwest,9391.346
48,male,29.7,0,no,southeast,7789.635
60,female,36.005,0,no,northeast,13228.84695
18,female,33.155,0,no,northeast,2207.69745
22,male,34.8,3,no,southwest,3443.0640000000003
19,male,34.9,0,yes,southwest,34828.654
39,female,24.89,3,yes,northeast,21659.9301
43,female,32.56,3,yes,southeast,40941.2854
18,male,33.33,0,no,southeast,1135.9407
25,female,34.485,0,no,northwest,3021.80915
40,male,26.315,1,no,northwest,6389.37785
54,male,25.46,1,no,northeast,25517.11363
26,female,42.4,1,no,southwest,3410.324
56,male,33.725,0,no,northwest,10976.24575
58,female,33.44,0,no,northwest,12231.6136
53,male,28.6,3,no,southwest,11253.421
28,male,26.98,2,no,northeast,4435.0942
21,male,26.03,0,no,northeast,2102.2647
18,female,37.29,1,no,southeast,2219.4451
42,male,30.0,0,yes,southwest,22144.032000000003
41,male,30.78,3,yes,northeast,39597.4072
59,male,29.83,3,yes,northeast,30184.9367
18,male,31.68,2,yes,southeast,34303.1672
36,male,28.88,3,no,northeast,6748.5912
44,female,38.95,0,yes,northwest,42983.4585
47,male,29.83,3,no,northwest,9620.3307
50,male,32.3,1,yes,northeast,41919.097
61,female,36.385,1,yes,northeast,48517.56315
21,male,36.85,0,no,southeast,1534.3045
27,female,31.255,1,no,northwest,3956.07145
38,female,40.15,0,no,southeast,5400.9805
55,male,27.645,0,no,northwest,10594.50155
57,male,28.975,0,yes,northeast,27218.43725
42,male,24.64,0,yes,southeast,19515.5416
53,male,26.41,2,no,northeast,11244.3769
29,male,27.94,0,no,southeast,2867.1196
30,female,39.05,3,yes,southeast,40932.4295
45,male,22.895,2,yes,northwest,21098.55405
