age,sex,bmi,children,smoker,region,charges
19,male,35.53,0,no,northwest,1646.4297
57,male,31.54,0,no,northwest,11353.2276
51,male,37.0,0,no,southwest,8798.593
49,female,36.63,3,no,southeast,10381.4787
21,male,22.3,1,no,southwest,2103.08
31,male,34.39,3,yes,northwest,38746.3551
49,male,37.51,2,no,southeast,9304.7019
56,female,28.595,0,no,northeast,11658.11505
27,male,26.03,0,no,northeast,3070.8087
37,female,26.4,0,yes,southeast,19539.243000000002
60,female,24.53,0,no,southeast,12629.8967
54,female,46.7,2,no,southwest,11538.421
39,male,32.34,2,no,southeast,6338.0756
42,female,29.0,1,no,southwest,7050.642
18,male,34.43,0,no,southeast,1137.4697
48,male,30.2,2,no,southwest,8968.33
33,male,22.705,0,no,northwest,21984.47061
35,female,27.7,3,no,southwest,6414.178000000001
59,female,36.52,1,no,southeast,28287.897660000002
62,female,33.2,0,no,southwest,13462.52
52,male,33.25,0,no,northeast,9722.7695
30,female,39.05,3,yes,southeast,40932.4295
46,female,27.74,0,no,northwest,8026.6666
50,male,26.6,0,no,southwest,8444.474
18,female,30.115,0,no,northeast,2203.47185
41,male,28.405,1,no,northwest,6664.68595
43,male,27.36,3,no,northeast,8606.2174
48,female,33.33,0,no,southeast,8283.6807
33,female,32.9,2,no,southwest,5375.0380000000005
30,male,25.46,0,no,northeast,3645.0894
56,female,35.8,1,no,southwest,11674.13
34,male,27.0,2,no,southwest,11737.84884
53,female,22.61,3,yes,northeast,24873.3849
19,male,31.92,0,yes,northwest,33750.2918
48,female,25.85,3,yes,southeast,24180.9335
53,male,24.32,0,no,northwest,9863.4718
30,male,35.3,0,yes,southwest,36837.467000000004
21,male,25.7,4,yes,southwest,17942.106
58,female,39.05,0,no,southeast,11856.4115
45,female,30.495,1,yes,northwest,39725.51805
28,female,33.0,2,no,southeast,4349.462
58,male,34.39,0,no,northwest,11743.9341
50,female,27.83,3,no,southeast,19749.383380000003
59,male,37.1,1,no,southwest,12347.171999999999
31,female,23.6,2,no,southwest,4931.647
60,male,28.595,0,no,northeast,30259.995560000003
20,male,35.31,1,no,southeast,27724.28875
28,male,31.68,0,yes,southeast,34672.1472
51,female,18.05,0,no,northwest,9644.2525
57,female,28.785,4,no,northeast,14394.39815
61,male,31.57,0,no,southeast,12557.6053
55,female,29.7,2,no,southwest,11881.358
24,male,23.655,0,no,northwest,2352.96845
45,female,25.7,3,no,southwest,9101.798
18,male,27.36,1,yes,northeast,17178.6824
32,female,44.22,0,no,southeast,3994.1778
43,female,32.56,3,yes,southeast,40941.2854
60,female,35.1,0,no,southwest,12644.589
23,female,24.225,2,no,northeast,22395.74424
18,male,43.01,0,no,southeast,1149.3959
29,female,35.53,0,no,southeast,3366.6697
61,male,33.535,0,no,northeast,13143.33665
23,female,28.49,1,yes,southeast,18328.2381
23,female,28.12,0,no,northwest,2690.1138
60,male,36.955,0,no,northeast,12741.16745
48,male,32.3,1,no,northwest,8765.249
49,male,28.69,3,no,northwest,10264.4421
57,female,23.98,1,no,southeast,22192.43711
19,female,24.605,1,no,northwest,2709.24395
24,female,20.52,0,yes,northeast,14571.8908
52,male,34.485,3,yes,northwest,60021.39897
31,female,38.095,1,yes,northeast,58571.074479999996
19,female,28.9,0,no,southwest,1743.214
54,female,24.605,3,no,northwest,12479.70895
62,male,30.02,0,no,northwest,13352.0998
43,male,34.96,1,yes,northeast,41034.2214
23,male,27.36,1,no,northwest,2789.0574
29,male,27.94,0,no,southeast,2867.1196
56,female,25.3,0,no,southwest,11070.535
50,female,26.22,2,no,northwest,10493.9458
21,female,16.815,1,no,northeast,3167.45585
55,female,33.535,2,no,northwest,12269.68865
53,female,24.795,1,no,northwest,10942.13205
24,male,29.3,0,no,southwest,1977.815
40,male,32.775,1,yes,northeast,39125.33225
25,male,45.54,2,yes,southeast,42112.2356
42,female,25.3,1,no,southwest,7045.499
44,female,43.89,2,yes,southeast,46200.9851
49,female,33.345,2,no,northeast,10370.91255
41,female,33.06,2,no,northwest,7749.1564
35,female,28.025,0,yes,northwest,20234.85475
49,female,23.845,3,yes,northeast,24106.91255
60,male,33.11,3,no,southeast,13919.8229
48,female,32.23,1,no,southeast,8871.1517
19,male,22.61,0,no,northwest,1628.4709
53,male,29.48,0,no,southeast,9487.6442
51,female,25.8,1,no,southwest,9861.025
56,female,37.51,2,no,southeast,12265.5069
58,female,36.48,0,no,northwest,12235.8392
35,female,23.465,2,no,northeast,6402.29135
57,male,34.01,0,no,northwest,11356.6609
25,male,24.13,0,yes,northwest,15817.9857
30,male,24.4,3,yes,southwest,18259.216
19,male,34.8,0,yes,southwest,34779.615
64,female,22.99,0,yes,southeast,27037.9141
23,female,28.31,0,yes,northwest,18033.9679
19,female,24.7,0,no,southwest,1737.376
45,male,30.2,1,no,southwest,7441.053000000001
18,female,37.29,1,no,southeast,2219.4451
55,female,29.83,0,no,northeast,11286.5387
34,female,27.72,0,no,southeast,4415.1588
26,female,29.92,2,no,southeast,3981.9768
19,male,25.175,0,no,northwest,1632.03625
63,male,41.325,3,no,northwest,15555.18875
24,male,26.79,1,no,northwest,12609.88702
19,male,28.7,0,no,southwest,1253.9360000000001
33,male,42.4,5,no,southwest,6666.243
63,female,25.08,0,no,northwest,14254.6082
35,male,39.71,4,no,northeast,19496.71917
20,female,31.92,0,no,northwest,2261.5688
50,female,25.6,0,no,southwest,8932.084
48,male,35.625,4,no,northeast,10736.87075
38,female,30.69,1,no,southeast,5976.8311
46,male,22.3,0,no,southwest,7147.105
56,male,31.79,2,yes,southeast,43813.8661
48,male,34.3,3,no,southwest,9563.029
55,female,25.365,3,no,northeast,13047.33235
35,male,24.42,3,yes,southeast,19361.9988
42,female,40.37,2,yes,southeast,43896.3763
44,male,37.1,2,no,southwest,7740.3369999999995
18,male,38.17,0,yes,southeast,36307.7983
19,male,20.9,1,no,southwest,1832.094
38,female,27.835,2,no,northeast,7144.86265
33,male,35.75,1,yes,southeast,38282.7495
46,male,27.6,0,no,southwest,24603.04837
19,female,20.6,0,no,southwest,1731.6770000000001
19,male,25.555,0,no,northwest,1632.56445
18,female,38.28,0,no,southeast,1631.8212
52,female,18.335,0,no,northwest,9991.03765
45,female,38.285,0,no,northeast,7935.29115
62,female,31.73,0,no,northeast,14043.4767
35,male,34.32,3,no,southeast,5934.3798
34,male,25.3,2,yes,southeast,18972.495
64,female,35.97,0,no,southeast,14313.8463
58,female,31.825,2,no,northeast,13607.36875
55,male,27.645,0,no,northwest,10594.50155
18,male,29.37,1,no,southeast,1719.4363
41,female,32.6,3,no,southwest,7954.517
18,male,35.2,1,no,southeast,1727.54
37,female,23.37,2,no,northwest,6686.4313
44,male,38.06,1,no,southeast,7152.6714
26,male,30.875,2,no,northwest,3877.30425
52,female,37.525,2,no,northwest,33471.97189
55,female,32.395,1,no,northeast,11879.10405
48,male,40.15,0,no,southeast,7804.1605
42,male,26.9,0,no,southwest,5969.723000000001
51,male,32.3,1,no,northeast,9964.06
51,male,27.74,1,no,northeast,9957.7216
48,female,27.36,1,no,northeast,9447.3824
23,male,34.4,0,no,southwest,1826.8429999999998
33,male,30.25,0,no,southeast,3704.3545
64,male,36.96,2,yes,southeast,49577.6624
58,male,32.01,1,no,southeast,11946.6259
26,male,30.0,1,no,southwest,2904.0879999999997
32,female,33.155,3,no,northwest,6128.79745
21,male,36.85,0,no,southeast,1534.3045
36,male,35.2,1,yes,southeast,38709.176
54,male,29.2,1,no,southwest,10436.096
56,female,27.2,0,no,southwest,11073.176000000001
36,female,27.74,0,no,northeast,5469.0066
32,female,29.8,2,no,southwest,5152.134
28,female,34.77,0,no,northwest,3556.9223
56,male,19.95,0,yes,northeast,22412.6485
59,female,23.655,0,yes,northwest,25678.77845
27,female,21.47,0,no,northwest,3353.4703
38,female,27.265,1,no,northeast,6555.07035
23,male,35.2,1,no,southwest,2416.955
59,female,32.395,3,no,northeast,14590.63205
28,female,17.29,0,no,northeast,3732.6251
35,female,43.34,2,no,southeast,5846.9176
60,male,29.64,0,no,northeast,12730.9996
61,female,22.04,0,no,northeast,13616.3586
49,female,29.925,0,no,northwest,8988.15875
42,female,41.325,1,no,northeast,7650.77375
25,female,22.515,1,no,northwest,3594.17085
27,male,29.15,0,yes,southeast,18246.4955
22,female,28.05,0,no,southeast,2155.6815
47,female,45.32,1,no,southeast,8569.8618
46,male,19.855,0,no,northwest,7526.70645
41,male,29.64,5,no,northeast,9222.4026
61,male,32.3,2,no,northwest,14119.62
52,male,41.8,2,yes,southeast,47269.85400000001
31,male,20.4,0,no,southwest,3260.199
19,female,24.51,1,no,northwest,2709.1119
38,female,19.475,2,no,northwest,6933.24225
51,female,20.6,0,no,southwest,9264.796999999999
36,female,29.04,4,no,southeast,7243.8136
19,female,35.15,0,no,northwest,2134.9015
51,male,24.415,4,no,northwest,11520.09985
46,female,28.05,1,no,southeast,8233.0975
41,male,34.21,1,no,southeast,6289.7549
41,female,37.1,2,no,southwest,7371.772
54,female,23.0,3,no,southwest,12094.478000000001
39,male,34.1,2,no,southeast,23563.016180000002
38,male,29.26,2,no,northwest,6457.8434
18,female,26.73,0,no,southeast,1615.7667
40,male,34.105,1,no,northeast,6600.20595
42,female,26.18,1,no,southeast,7046.7222
20,male,40.47,0,no,northeast,1984.4533
57,female,28.7,0,no,southwest,11455.28
30,female,27.93,0,no,northeast,4137.5227
53,female,22.88,1,yes,southeast,23244.7902
24,male,33.63,4,no,northeast,17128.42608
26,female,34.2,2,no,southwest,3987.926
32,male,35.2,2,no,southwest,4670.64
64,female,31.3,2,yes,southwest,47291.055
55,male,28.975,0,no,northeast,10796.35025
22,female,31.02,3,yes,southeast,35595.5898
18,male,33.66,0,no,southeast,1136.3994
44,male,30.2,2,yes,southwest,38998.546
20,female,30.59,0,no,northeast,2459.7201
53,male,20.9,0,yes,southeast,21195.818
55,female,32.775,2,no,northwest,12268.63225
27,male,18.905,3,no,northeast,4827.90495
19,male,27.835,0,no,northwest,1635.73365
24,male,23.4,0,no,southwest,1969.614
32,female,29.735,0,no,northwest,4357.04365
23,female,33.4,0,no,southwest,10795.937329999999
19,female,28.3,0,yes,southwest,17081.08
63,female,36.85,0,no,southeast,13887.9685
21,female,33.63,2,no,northwest,3579.8287
59,female,27.83,3,no,southeast,14001.2867
51,male,42.9,2,yes,southeast,47462.894
34,female,19.0,3,no,northeast,6753.0380000000005
54,female,28.88,2,no,northeast,12096.6512
55,male,29.9,0,no,southwest,10214.636
30,male,22.99,2,yes,northwest,17361.7661
19,male,30.59,0,no,northwest,1639.5631
46,male,39.425,1,no,northeast,8342.90875
32,male,30.03,1,no,southeast,4074.4537
47,male,47.52,1,no,southeast,8083.9198
21,female,39.49,0,no,southeast,2026.9741
62,female,36.86,1,no,northeast,31620.001060000002
24,male,32.01,0,no,southeast,1981.5819
55,male,33.0,0,no,southeast,20781.48892
52,male,24.32,3,yes,northeast,24869.8368
43,male,35.31,2,no,southeast,18806.14547
47,female,32.0,1,no,southwest,8551.347
25,female,32.23,1,no,southeast,18218.16139
64,male,37.905,0,no,northwest,14210.53595
53,female,37.43,1,no,northwest,10959.6947
31,male,26.885,1,no,northeast,4441.21315
60,male,25.74,0,no,southeast,12142.5786
51,male,33.33,3,no,southeast,10560.4917
26,male,29.45,0,no,northeast,2897.3235
22,female,39.805,0,no,northeast,2755.02095
18,male,33.535,0,yes,northeast,34617.84065
40,female,28.12,1,yes,northeast,22331.5668
19,male,20.425,0,no,northwest,1625.43375
61,female,36.385,1,yes,northeast,48517.56315
44,female,29.81,2,no,southeast,8219.2039
42,male,26.315,1,no,northwest,6940.90985
46,female,33.44,1,no,southeast,8240.5896
39,male,35.3,2,yes,southwest,40103.89
44,female,38.95,0,yes,northwest,42983.4585
47,male,38.94,2,yes,southeast,44202.6536
19,female,36.575,0,no,northwest,2136.88225
35,female,26.125,0,no,northeast,5227.98875
53,female,26.6,0,no,northwest,10355.641
53,male,21.4,1,no,southwest,10065.413
18,male,37.29,0,no,southeast,1141.4451
60,female,24.035,0,no,northwest,13012.20865
45,male,33.7,1,no,southwest,7445.918000000001
43,male,30.115,3,no,northwest,8410.04685
40,male,32.3,2,no,northwest,6986.696999999999
59,female,36.765,1,yes,northeast,47896.79135
37,male,29.83,2,no,northeast,6406.4107
33,female,22.135,1,no,northeast,5354.07465
19,female,28.31,0,yes,northwest,17468.9839
33,female,19.095,2,yes,northeast,16776.30405
19,male,27.6,0,no,southwest,1252.407
45,female,36.3,2,no,southeast,8527.532
33,male,27.455,2,no,northwest,5261.46945
20,male,32.395,1,no,northwest,2362.22905
46,female,30.8,3,no,southwest,9414.92
50,female,31.6,2,no,southwest,10118.424
57,female,38.0,2,no,southwest,12646.207
47,female,33.345,0,no,northeast,20878.78443
25,female,30.3,0,no,southwest,2632.992
38,male,28.025,1,no,northeast,6067.12675
55,female,30.5,0,no,southwest,10704.47
64,male,24.7,1,no,northwest,30166.618169999998
64,male,40.48,0,no,southeast,13831.1152
53,male,28.88,0,no,northwest,9869.8102
23,female,34.865,0,no,northeast,2899.48935
43,female,26.885,0,yes,northwest,21774.32215
42,female,32.87,0,no,northeast,7050.0213
26,female,29.64,4,no,northeast,24671.66334
25,female,23.465,0,no,northeast,3206.49135
40,female,25.46,1,no,northeast,7077.1894
38,male,28.27,1,no,southeast,5484.4673
45,male,20.35,3,no,southeast,8605.3615
29,female,31.16,0,no,northeast,3943.5954
41,female,32.2,1,no,southwest,6775.960999999999
29,female,32.11,2,no,northwest,4922.9159
36,male,28.025,1,yes,northeast,20773.62775
36,female,25.84,0,no,northwest,5266.3656
28,female,26.51,2,no,southeast,4340.4409
18,male,30.14,0,no,southeast,1131.5066
38,male,16.815,2,no,northeast,6640.54485
31,female,36.63,2,no,southeast,4949.7587
20,male,29.735,0,no,northwest,1769.53165
38,male,19.3,0,yes,southwest,15820.698999999999
24,female,39.49,0,no,southeast,2480.9791
36,male,29.7,0,no,southeast,4399.731
64,male,34.5,0,no,southwest,13822.803
60,female,18.335,0,no,northeast,13204.28565
49,male,31.35,1,no,northeast,9290.1395
63,female,31.8,0,no,southwest,13880.948999999999
48,female,41.23,4,no,northwest,11033.6617
51,female,40.66,0,no,northeast,9875.6804
18,male,17.29,2,yes,northeast,12829.4551
29,female,29.59,1,no,southeast,3947.4131
41,female,31.635,1,no,northeast,7358.17565
57,female,23.18,0,no,northwest,11830.6072
27,male,45.9,2,no,southwest,3693.428
59,female,26.695,3,no,northwest,14382.70905
40,male,24.97,2,no,southeast,6593.5083
28,male,22.515,2,no,northeast,4428.88785
47,female,27.83,0,yes,southeast,23065.4207
58,female,32.395,1,no,northeast,13019.16105
58,male,38.0,0,no,southwest,11365.952
52,female,30.875,0,no,northeast,23045.56616
22,male,28.88,0,no,northeast,2250.8352
44,male,29.735,2,no,northeast,32108.662819999998
28,female,25.8,0,no,southwest,3161.454
21,male,25.745,2,no,northeast,3279.86855
41,male,40.26,0,no,southeast,5709.1644
63,male,33.66,3,no,southeast,15161.5344
64,male,26.41,0,no,northeast,14394.5579
47,male,36.19,0,yes,southeast,41676.0811
19,female,32.11,0,no,northwest,2130.6759
41,male,35.75,1,yes,southeast,40273.6455
26,male,23.7,2,no,southwest,3484.3309999999997
42,female,29.48,2,no,southeast,7640.3092
25,male,33.33,2,yes,southeast,36124.5737
32,male,27.835,1,no,northwest,4454.40265
19,female,25.745,1,no,northwest,2710.82855
23,female,39.27,2,no,southeast,3500.6123
55,female,37.1,0,no,southwest,10713.643999999998
26,male,17.67,0,no,northwest,2680.9493
18,female,40.185,0,no,northeast,2217.46915
50,female,23.54,2,no,southeast,10107.2206
43,female,46.2,0,yes,southeast,45863.205
19,male,26.03,1,yes,northwest,16450.8947
40,male,30.875,4,no,northwest,8162.71625
54,female,31.24,0,no,southeast,10338.9316
63,female,27.74,0,yes,northeast,29523.1656
49,female,42.68,2,no,southeast,9800.8882
25,male,27.55,0,no,northwest,2523.1695
28,female,28.88,1,no,northeast,4337.7352
49,female,23.18,2,no,northwest,10156.7832
46,female,48.07,2,no,northeast,9432.9253
46,female,30.2,2,no,southwest,8825.086
34,female,33.7,1,no,southwest,5012.471
44,male,32.015,2,no,northwest,8116.26885
28,male,36.4,1,yes,southwest,51194.55914
45,male,22.895,2,yes,northwest,21098.55405
39,male,24.51,2,no,northwest,6710.1919
48,male,24.42,0,yes,southeast,21223.6758
52,male,27.36,0,yes,northwest,24393.6224
53,male,41.47,0,no,southeast,9504.3103
41,male,33.55,0,no,southeast,5699.8375
50,female,27.36,0,no,northeast,25656.575259999998
38,male,21.12,3,no,southeast,6652.5288
49,male,32.3,3,no,northwest,10269.46
62,female,30.495,2,no,northwest,15019.76005
22,female,30.4,0,no,northeast,2741.948
37,male,46.53,3,no,southeast,6435.6237
58,male,30.305,0,no,northeast,11938.25595
41,male,34.2,2,no,northwest,7261.741
32,female,24.6,0,yes,southwest,17496.306
19,female,30.02,0,yes,northwest,33307.5508
42,male,28.31,3,yes,northwest,32787.458589999995
48,male,36.67,1,no,northwest,28468.91901
53,female,38.06,3,no,southeast,20462.99766
61,male,43.4,0,no,southwest,12574.048999999999
29,female,26.03,0,no,northwest,3736.4647
33,female,39.82,1,no,southeast,4795.6568
57,female,20.1,1,no,southwest,12032.326000000001
36,male,34.43,0,yes,southeast,37742.5757
62,male,30.875,3,yes,northwest,46718.16325
46,male,33.345,1,no,northeast,8334.45755
47,male,36.08,1,yes,southeast,42211.1382
19,male,34.9,0,yes,southwest,34828.654
43,female,25.27,1,yes,northeast,21771.3423
45,female,25.175,2,no,northeast,9095.06825
57,male,40.945,0,no,northeast,11566.30055
20,female,33.3,0,no,southwest,1880.487
20,female,28.785,0,no,northeast,2457.21115
26,male,27.06,0,yes,southeast,17043.3414
49,female,27.1,1,no,southwest,26140.3603
